TeamHome,TeamAway,ResultTeamHome,ResultTeamAway,Bet1,BetX,Bet2
Leicester,Aston Villa,4,0,1.53,4.54,6.15
Manchester Utd,Manchester City,2,0,4.60,3.96,1.78
Chelsea,Everton,4,0,1.87,3.89,4.13
Burnley,Tottenham,1,1,2.74,3.36,2.69
Arsenal,West Ham,1,0,1.63,4.34,5.27
Crystal Palace,Watford,1,0,2.70,3.13,2.89
Sheffield Utd,Norwich,1,0,1.69,3.88,5.38
Southampton,Newcastle,0,1,1.76,3.80,4.91
Wolves,Brighton,0,0,1.73,3.76,5.22
Liverpool,Bournemouth,2,1,1.22,7.30,12.64
Everton,Manchester Utd,1,1,2.88,3.39,2.56
Tottenham,Wolves,2,3,2.76,3.11,2.86
Watford,Liverpool,3,0,6.80,4.73,1.48
Bournemouth,Chelsea,2,2,4.16,3.74,1.91
Newcastle,Burnley,0,0,2.73,3.22,2.78
West Ham,Southampton,3,1,2.60,3.54,2.71
Brighton,Crystal Palace,0,1,2.20,3.19,3.73
Norwich,Leicester,1,0,4.23,3.86,1.85
Liverpool,West Ham,3,2,1.15,9.03,17.59
Arsenal,Everton,3,2,1.99,3.69,3.83
Manchester Utd,Watford,3,0,1.59,4.01,6.47
Wolves,Norwich,3,0,1.51,4.26,7.20
Leicester,Manchester City,0,1,5.34,4.66,1.58
Burnley,Bournemouth,3,0,2.26,3.33,3.42
Crystal Palace,Newcastle,1,0,2.17,3.28,3.72
Sheffield Utd,Brighton,1,1,1.92,3.43,4.46
Southampton,Aston Villa,2,0,1.73,4.11,4.70
Chelsea,Tottenham,2,1,1.87,3.59,4.58
Manchester City,West Ham,2,0,1.12,10.45,20.11
Chelsea,Manchester Utd,0,2,2.02,3.49,4.01
Arsenal,Newcastle,4,0,1.45,4.69,7.67
Aston Villa,Tottenham,2,3,3.93,3.79,1.94
Norwich,Liverpool,0,1,9.50,5.74,1.33
Southampton,Burnley,1,2,1.71,3.97,5.05
Wolves,Leicester,0,0,2.71,3.25,2.80
Sheffield Utd,Bournemouth,2,1,1.77,3.49,5.45
Brighton,Watford,1,1,2.30,3.42,3.23
Everton,Crystal Palace,3,1,1.65,3.79,6.02
Tottenham,Manchester City,2,0,5.98,4.68,1.54
Burnley,Arsenal,0,0,3.98,3.76,1.93
Manchester Utd,Wolves,0,0,2.15,3.38,3.67
Bournemouth,Aston Villa,2,1,2.20,3.38,3.51
Crystal Palace,Sheffield Utd,0,1,3.12,3.06,2.58
Liverpool,Southampton,4,0,1.31,5.73,10.46
Newcastle,Norwich,0,0,2.25,3.38,3.38
Watford,Everton,2,3,3.01,3.38,2.45
West Ham,Brighton,3,3,2.53,3.42,2.87
Leicester,Chelsea,2,2,2.56,3.60,2.74
West Ham,Liverpool,0,2,8.67,5.58,1.35
Wolves,Liverpool,1,2,5.37,4.01,1.67
Manchester Utd,Burnley,0,2,1.45,4.57,7.83
Leicester,West Ham,4,1,1.48,4.77,6.73
Tottenham,Norwich,2,1,1.38,5.20,8.41
Chelsea,Arsenal,2,2,1.75,3.96,4.83
Aston Villa,Watford,2,1,3.13,3.43,2.36
Bournemouth,Brighton,3,1,2.91,3.32,2.56
Crystal Palace,Southampton,0,2,2.74,3.20,2.80
Everton,Newcastle,2,2,1.50,4.37,7.17
Sheffield Utd,Manchester City,0,1,8.37,4.95,1.40
Liverpool,Manchester Utd,2,0,1.45,4.81,7.55
Burnley,Leicester,2,1,4.42,3.71,1.85
Newcastle,Chelsea,1,0,5.80,4.43,1.57
Arsenal,Sheffield Utd,1,1,2.00,3.41,4.17
Brighton,Aston Villa,1,1,1.68,4.23,4.89
Manchester City,Crystal Palace,2,2,1.08,12.21,30.54
Norwich,Bournemouth,1,0,2.25,3.53,3.24
Southampton,Wolves,2,3,2.60,3.20,2.96
West Ham,Everton,1,1,2.94,3.44,2.47
Watford,Tottenham,0,0,3.18,3.67,2.24
Aston Villa,Manchester City,1,6,16.75,10.09,1.15
Bournemouth,Watford,0,3,2.60,3.46,2.79
Tottenham,Liverpool,0,1,5.03,4.14,1.71
Chelsea,Burnley,3,0,1.33,5.48,10.14
Everton,Brighton,1,0,1.94,3.77,3.98
Leicester,Southampton,1,2,1.72,3.93,5.13
Manchester Utd,Norwich,4,0,1.34,5.57,9.55
Wolves,Newcastle,1,1,1.46,4.52,7.79
Crystal Palace,Arsenal,1,1,4.70,3.97,1.77
Sheffield Utd,West Ham,1,0,1.94,3.44,4.44
Liverpool,Sheffield Utd,2,0,1.28,5.93,12.38
Arsenal,Manchester Utd,2,0,2.71,3.73,2.57
Manchester City,Everton,2,1,1.32,5.99,9.64
Norwich,Crystal Palace,1,1,2.45,3.42,3.03
West Ham,Bournemouth,4,0,1.91,3.67,4.23
Newcastle,Leicester,0,3,4.37,3.85,1.84
Southampton,Tottenham,1,0,3.65,3.93,1.99
Watford,Wolves,2,1,3.31,3.28,2.35
Brighton,Chelsea,1,1,3.88,3.96,1.93
Burnley,Aston Villa,1,2,1.97,3.44,4.24
Manchester City,Sheffield Utd,2,0,1.24,7.07,12.56
Liverpool,Wolves,1,0,1.27,6.39,11.31
Arsenal,Chelsea,1,2,2.94,3.78,2.37
Burnley,Manchester Utd,0,2,4.30,3.69,1.90
Norwich,Tottenham,2,2,5.08,4.63,1.62
West Ham,Leicester,1,2,2.58,3.64,2.71
Newcastle,Everton,1,2,3.33,3.34,2.31
Southampton,Crystal Palace,1,1,1.95,3.62,4.18
Watford,Aston Villa,3,0,1.79,4.11,4.37
Brighton,Bournemouth,2,0,1.83,3.86,4.45
Wolves,Manchester City,3,2,7.21,5.58,1.40
Leicester,Liverpool,0,4,3.66,4.10,1.95
Manchester Utd,Newcastle,4,1,1.36,5.54,9.02
Aston Villa,Norwich,1,0,2.22,3.79,3.15
Bournemouth,Arsenal,1,1,3.99,4.15,1.86
Chelsea,Southampton,0,2,1.39,5.20,8.48
Crystal Palace,West Ham,2,1,2.28,3.43,3.31
Everton,Burnley,1,0,1.75,3.72,5.20
Sheffield Utd,Watford,1,1,1.85,3.56,4.75
Tottenham,Brighton,2,1,1.52,4.58,6.50
Tottenham,Chelsea,0,2,2.31,3.65,3.12
Watford,Manchester Utd,2,0,4.77,3.84,1.79
Manchester City,Leicester,3,1,1.38,5.82,7.45
Aston Villa,Southampton,1,3,2.52,3.71,2.74
Bournemouth,Burnley,0,1,2.45,3.34,3.08
Brighton,Sheffield Utd,0,1,2.16,3.40,3.63
Newcastle,Crystal Palace,1,0,2.45,3.11,3.31
Norwich,Wolves,1,2,4.11,3.83,1.89
Everton,Arsenal,0,0,2.16,3.88,3.25
Crystal Palace,Brighton,1,1,2.80,3.26,2.71
Arsenal,Manchester City,0,3,6.83,6.07,1.40
Manchester Utd,Everton,1,1,1.66,4.05,5.52
Wolves,Tottenham,1,2,2.91,3.61,2.45
Southampton,West Ham,0,1,1.82,4.05,4.25
Burnley,Newcastle,1,0,2.00,3.48,4.08
Chelsea,Bournemouth,0,1,1.23,7.09,13.13
Leicester,Norwich,1,1,1.23,6.97,12.69
Sheffield Utd,Aston Villa,2,0,1.77,3.95,4.67
Liverpool,Watford,2,0,1.18,8.16,15.94
West Ham,Arsenal,1,3,3.71,4.23,1.93
Brighton,Wolves,2,2,2.64,3.22,2.93
Aston Villa,Leicester,1,4,5.01,4.26,1.67
Newcastle,Southampton,2,1,2.61,3.34,2.86
Norwich,Sheffield Utd,1,2,3.19,3.51,2.30
Manchester City,Manchester Utd,1,2,1.33,5.91,9.25
Bournemouth,Liverpool,0,3,6.71,4.72,1.50
Tottenham,Burnley,5,0,1.43,4.92,7.86
Watford,Crystal Palace,0,0,2.49,3.36,3.02
Everton,Chelsea,3,1,3.34,3.81,2.14
Arsenal,Brighton,1,2,1.66,4.36,5.10
Sheffield Utd,Newcastle,0,2,1.79,3.55,5.25
Liverpool,Everton,5,2,1.62,4.15,5.82
Chelsea,Aston Villa,2,1,1.35,5.81,8.72
Leicester,Watford,2,0,1.36,5.49,8.70
Manchester Utd,Tottenham,2,1,2.60,3.44,2.85
Southampton,Norwich,2,1,1.78,3.94,4.61
Wolves,West Ham,2,0,1.69,3.99,5.33
Burnley,Manchester City,1,4,11.94,7.02,1.25
Crystal Palace,Bournemouth,1,0,2.22,3.48,3.41
Leicester,Everton,2,1,1.60,4.21,5.89
Manchester Utd,Aston Villa,2,2,1.45,4.85,7.45
Norwich,Arsenal,2,2,4.43,4.46,1.73
Wolves,Sheffield Utd,1,1,2.26,3.12,3.72
Southampton,Watford,2,1,2.10,3.58,3.62
Burnley,Crystal Palace,0,2,2.04,3.47,3.93
Chelsea,West Ham,0,1,1.29,6.37,10.26
Liverpool,Brighton,2,1,1.21,7.44,15.44
Tottenham,Bournemouth,3,2,1.33,5.78,9.37
Newcastle,Manchester City,2,2,12.94,8.09,1.21
Aston Villa,Newcastle,2,0,2.21,3.50,3.41
Sheffield Utd,Manchester Utd,3,3,3.98,3.39,2.08
Manchester City,Chelsea,2,1,1.39,5.70,7.51
Arsenal,Southampton,2,2,1.46,4.91,7.07
Bournemouth,Wolves,1,2,3.01,3.26,2.54
Brighton,Leicester,0,2,3.91,3.62,2.00
Crystal Palace,Liverpool,1,2,6.99,4.60,1.50
Everton,Norwich,0,2,1.37,5.45,8.58
Watford,Burnley,0,3,2.26,3.33,3.46
West Ham,Tottenham,2,3,4.76,4.42,1.68
Liverpool,Manchester City,3,1,2.66,3.69,2.64
Manchester Utd,Brighton,3,1,1.63,3.88,6.28
Wolves,Aston Villa,2,1,1.70,3.84,5.45
Leicester,Arsenal,2,0,1.91,4.04,3.86
Burnley,West Ham,3,0,2.17,3.65,3.37
Newcastle,Bournemouth,2,1,2.58,3.27,2.95
Southampton,Everton,1,2,3.24,3.40,2.33
Tottenham,Sheffield Utd,1,1,1.53,4.42,6.72
Chelsea,Crystal Palace,2,0,1.44,4.89,7.71
Norwich,Watford,0,2,2.91,3.64,2.42
Everton,Tottenham,1,1,2.53,3.63,2.78
Crystal Palace,Leicester,0,2,3.72,3.51,2.09
Watford,Chelsea,1,2,5.20,4.39,1.64
Sheffield Utd,Burnley,3,0,2.30,3.23,3.48
West Ham,Newcastle,2,3,1.82,3.83,4.50
Arsenal,Wolves,1,1,1.77,3.94,4.76
Aston Villa,Liverpool,1,2,9.73,6.14,1.31
Brighton,Norwich,2,0,1.58,4.50,5.59
Manchester City,Southampton,2,1,1.08,14.25,33.25
Bournemouth,Manchester Utd,1,0,3.70,3.59,2.08
Arsenal,Crystal Palace,2,2,1.49,4.81,6.69
Liverpool,Tottenham,2,1,1.48,4.92,6.77
Norwich,Manchester Utd,1,3,4.71,3.81,1.80
Newcastle,Wolves,1,1,3.42,3.10,2.40
Burnley,Chelsea,2,4,5.23,4.12,1.68
Brighton,Everton,3,2,2.67,3.35,2.79
Watford,Bournemouth,0,0,2.26,3.60,3.20
West Ham,Sheffield Utd,1,1,2.27,3.44,3.31
Manchester City,Aston Villa,3,0,1.08,13.94,28.50
Southampton,Leicester,0,9,3.17,3.38,2.38
Sheffield Utd,Arsenal,1,0,3.85,3.60,2.03
Manchester Utd,Liverpool,1,1,4.19,3.57,1.97
Crystal Palace,Manchester City,0,2,12.69,7.58,1.22
Aston Villa,Brighton,2,1,2.36,3.52,3.10
Bournemouth,Norwich,0,0,1.75,4.30,4.44
Chelsea,Newcastle,1,0,1.28,6.20,11.00
Leicester,Burnley,2,1,1.49,4.51,7.16
Tottenham,Watford,1,1,1.50,4.59,6.78
Wolves,Southampton,1,1,2.05,3.34,4.11
Everton,West Ham,2,0,1.80,4.06,4.35
Newcastle,Manchester Utd,1,0,4.00,3.36,2.07
Arsenal,Bournemouth,1,0,1.36,5.87,7.95
Manchester City,Wolves,0,2,1.13,9.71,22.25
Southampton,Chelsea,1,4,4.77,4.32,1.70
West Ham,Crystal Palace,1,2,2.00,3.69,3.81
Burnley,Everton,1,0,3.19,3.29,2.42
Liverpool,Leicester,2,1,1.59,4.41,5.79
Norwich,Aston Villa,1,5,2.43,3.65,2.89
Watford,Sheffield Utd,0,0,2.38,3.28,3.26
Brighton,Tottenham,3,0,5.10,3.97,1.72
Manchester Utd,Arsenal,1,1,2.26,3.62,3.23
Leicester,Newcastle,5,0,1.53,4.23,7.04
Everton,Manchester City,1,3,8.61,5.79,1.36
Aston Villa,Burnley,2,2,2.31,3.45,3.22
Bournemouth,West Ham,2,2,2.40,3.67,2.92
Chelsea,Brighton,2,0,1.43,4.93,8.00
Crystal Palace,Norwich,2,0,1.92,3.85,4.02
Tottenham,Southampton,2,1,1.38,5.27,8.74
Wolves,Watford,2,0,1.94,3.48,4.37
Sheffield Utd,Liverpool,0,1,9.29,5.54,1.35
Arsenal,Aston Villa,3,2,1.43,5.21,7.21
Chelsea,Liverpool,1,2,3.38,3.80,2.14
Crystal Palace,Wolves,1,1,2.75,3.15,2.85
West Ham,Manchester Utd,2,0,3.14,3.58,2.31
Newcastle,Brighton,0,0,2.41,3.25,3.24
Burnley,Norwich,2,0,2.04,3.77,3.63
Everton,Sheffield Utd,0,2,1.77,3.62,5.24
Manchester City,Watford,8,0,1.10,11.69,26.00
Leicester,Tottenham,2,1,2.80,3.48,2.60
Southampton,Bournemouth,1,3,2.21,3.57,3.33
Aston Villa,West Ham,0,0,2.75,3.61,2.55
Watford,Arsenal,2,2,4.17,3.93,1.86
Bournemouth,Everton,3,1,3.45,3.57,2.16
Norwich,Manchester City,3,2,26.75,12.50,1.10
Brighton,Burnley,1,1,2.13,3.42,3.68
Manchester Utd,Leicester,1,0,2.11,3.40,3.79
Sheffield Utd,Southampton,0,1,2.48,3.31,3.05
Tottenham,Crystal Palace,4,0,1.41,5.14,7.88
Wolves,Chelsea,2,5,3.08,3.43,2.41
Liverpool,Newcastle,3,1,1.20,7.94,13.75
Arsenal,Tottenham,2,2,2.58,3.70,2.72
Everton,Wolves,3,2,2.06,3.31,4.09
Burnley,Liverpool,0,3,9.30,5.42,1.36
Chelsea,Sheffield Utd,2,2,1.42,4.86,8.65
Crystal Palace,Aston Villa,1,0,2.26,3.45,3.33
Leicester,Bournemouth,3,1,1.66,4.09,5.37
Manchester City,Brighton,4,0,1.10,11.44,31.25
Newcastle,Watford,1,1,2.51,3.24,3.08
West Ham,Norwich,2,0,1.89,4.04,3.92
Southampton,Manchester Utd,1,1,4.22,3.52,1.97
Tottenham,Newcastle,0,1,1.29,6.19,11.20
Wolves,Burnley,1,1,1.79,3.52,5.29
Bournemouth,Manchester City,1,3,16.81,8.39,1.18
Liverpool,Arsenal,3,1,1.49,5.04,6.44
Brighton,Southampton,0,2,2.36,3.32,3.27
Manchester Utd,Crystal Palace,1,2,1.35,5.40,9.56
Sheffield Utd,Leicester,1,2,3.35,3.33,2.32
Watford,West Ham,1,3,2.21,3.57,3.34
Norwich,Chelsea,2,3,4.28,3.93,1.85
Aston Villa,Everton,2,0,3.09,3.43,2.40
Wolves,Manchester Utd,1,1,3.11,3.34,2.45
Chelsea,Leicester,1,1,1.72,3.90,5.21
Sheffield Utd,Crystal Palace,1,0,2.54,3.25,3.03
Manchester City,Tottenham,2,2,1.38,5.52,8.13
Aston Villa,Bournemouth,1,2,2.26,3.67,3.16
Brighton,West Ham,1,1,2.21,3.45,3.46
Everton,Watford,1,0,1.82,3.78,4.59
Norwich,Newcastle,3,1,2.14,3.47,3.63
Southampton,Liverpool,1,2,6.71,4.59,1.51
Arsenal,Burnley,2,1,1.36,5.33,9.18
Manchester Utd,Chelsea,4,0,2.02,3.45,4.18
Leicester,Wolves,0,0,2.38,3.21,3.43
Newcastle,Arsenal,0,1,3.54,3.57,2.17
Tottenham,Aston Villa,3,1,1.37,5.47,9.12
Bournemouth,Sheffield Utd,1,1,2.00,3.63,4.03
Burnley,Southampton,3,0,2.69,3.25,2.91
Crystal Palace,Everton,0,0,3.45,3.37,2.29
Watford,Brighton,0,3,2.08,3.35,4.12
West Ham,Manchester City,0,5,12.25,6.75,1.26
Liverpool,Norwich,4,1,1.14,9.95,21.17
Brighton,Manchester City,1,4,15.88,8.12,1.18
Burnley,Arsenal,1,3,2.58,3.66,2.70
Crystal Palace,Bournemouth,5,3,1.76,4.34,4.28
Fulham,Newcastle,0,4,2.46,3.57,2.91
Leicester,Chelsea,0,0,2.44,3.66,2.90
Liverpool,Wolves,2,0,1.30,5.90,10.26
Manchester Utd,Cardiff,0,2,1.30,6.11,9.79
Southampton,Huddersfield,1,1,1.39,5.05,8.43
Tottenham,Everton,2,2,1.90,3.75,4.23
Watford,West Ham,1,4,2.08,3.81,3.47
Manchester City,Leicester,1,0,1.17,9.04,14.50
Arsenal,Brighton,1,1,1.28,5.91,11.75
Chelsea,Watford,3,0,1.30,5.85,10.52
Huddersfield,Manchester Utd,1,1,9.63,5.65,1.32
Newcastle,Liverpool,2,3,9.54,5.49,1.33
Cardiff,Crystal Palace,2,3,2.57,3.72,2.66
West Ham,Southampton,3,0,2.31,3.60,3.10
Wolves,Fulham,1,0,1.48,4.37,7.52
Bournemouth,Tottenham,1,0,5.90,4.63,1.54
Everton,Burnley,2,0,1.65,3.94,5.73
Manchester Utd,Chelsea,1,1,2.66,3.38,2.79
Burnley,Manchester City,0,1,17.81,8.92,1.16
Leicester,Arsenal,3,0,2.71,3.63,2.59
Brighton,Newcastle,1,1,2.21,3.26,3.63
Crystal Palace,Everton,0,0,3.01,3.42,2.44
Fulham,Cardiff,1,0,2.20,3.63,3.30
Southampton,Bournemouth,3,3,1.79,3.93,4.57
Watford,Wolves,1,2,2.65,3.23,2.89
Tottenham,West Ham,0,1,1.35,5.48,8.97
Liverpool,Huddersfield,5,0,1.07,14.92,31.33
Manchester Utd,Manchester City,0,2,6.30,4.73,1.51
Wolves,Arsenal,3,1,2.72,3.40,2.69
Tottenham,Brighton,1,0,1.26,6.14,12.63
Watford,Southampton,1,1,2.17,3.43,3.56
Chelsea,Burnley,2,2,1.22,6.58,15.00
Arsenal,Crystal Palace,2,3,1.51,4.67,6.38
Cardiff,Liverpool,0,2,16.50,7.88,1.18
Everton,Manchester Utd,4,0,3.31,3.53,2.24
Newcastle,Southampton,3,1,2.42,3.08,3.41
Bournemouth,Fulham,0,1,1.71,4.21,4.71
Huddersfield,Watford,1,2,4.09,3.58,1.96
West Ham,Leicester,2,2,3.21,3.56,2.26
Wolves,Brighton,0,0,1.92,3.20,4.97
Manchester City,Tottenham,1,0,1.27,6.50,10.50
Brighton,Cardiff,0,2,1.99,3.29,4.39
Watford,Arsenal,0,1,3.67,3.73,2.04
Liverpool,Chelsea,2,0,1.73,3.84,5.21
Crystal Palace,Manchester City,1,3,13.00,6.91,1.22
Manchester Utd,West Ham,2,1,1.30,5.92,10.08
Brighton,Bournemouth,0,5,2.30,3.27,3.42
Burnley,Cardiff,2,0,1.84,3.58,4.77
Fulham,Everton,2,0,4.91,4.22,1.69
Southampton,Wolves,3,1,2.71,3.17,2.86
Tottenham,Huddersfield,4,0,1.20,6.96,16.31
Leicester,Newcastle,0,1,1.66,3.87,5.87
Chelsea,West Ham,2,0,1.22,6.83,13.63
Everton,Arsenal,1,0,2.94,3.53,2.45
Bournemouth,Burnley,1,3,2.05,3.54,3.79
Huddersfield,Leicester,1,4,5.46,4.02,1.66
Newcastle,Crystal Palace,0,1,2.68,3.17,2.91
Southampton,Liverpool,1,3,8.93,5.23,1.36
Chelsea,Brighton,3,0,1.28,5.62,12.63
Manchester City,Cardiff,2,0,1.07,15.06,32.50
Tottenham,Crystal Palace,2,0,1.47,4.59,7.34
Watford,Fulham,4,1,1.71,3.90,5.24
Wolves,Manchester Utd,2,1,3.31,3.22,2.38
Arsenal,Newcastle,2,0,1.41,4.80,8.23
Liverpool,Tottenham,2,1,1.56,4.43,6.04
Cardiff,Chelsea,1,2,8.82,4.69,1.40
West Ham,Everton,0,2,2.65,3.37,2.78
Brighton,Southampton,0,1,2.53,3.12,3.15
Burnley,Wolves,2,0,2.92,3.14,2.68
Crystal Palace,Huddersfield,2,0,1.45,4.40,8.30
Leicester,Bournemouth,2,0,1.79,3.92,4.58
Manchester Utd,Watford,2,1,1.38,5.14,8.48
Fulham,Manchester City,0,2,21.00,11.18,1.11
Everton,Chelsea,2,0,4.70,3.76,1.83
Fulham,Liverpool,1,2,13.00,8.03,1.21
Bournemouth,Newcastle,2,2,2.15,3.54,3.60
Burnley,Leicester,1,2,3.21,3.37,2.38
West Ham,Huddersfield,4,3,1.53,4.28,6.89
Arsenal,Manchester Utd,2,0,2.38,3.57,3.02
Chelsea,Wolves,1,1,1.58,3.92,6.90
Liverpool,Burnley,4,2,1.17,7.91,19.00
Manchester City,Watford,3,1,1.11,10.66,25.00
Cardiff,West Ham,2,0,3.02,3.45,2.46
Huddersfield,Bournemouth,0,2,3.11,3.33,2.47
Leicester,Fulham,3,1,1.58,4.37,5.83
Newcastle,Everton,3,2,2.72,3.13,2.92
Southampton,Tottenham,2,1,4.59,3.83,1.81
Crystal Palace,Brighton,1,2,1.87,3.33,5.13
Everton,Liverpool,0,0,6.48,4.05,1.60
Fulham,Chelsea,1,2,8.26,4.76,1.42
Watford,Leicester,2,1,2.76,3.31,2.75
West Ham,Newcastle,2,0,2.17,3.38,3.67
Bournemouth,Manchester City,0,1,15.06,8.60,1.18
Brighton,Huddersfield,1,0,1.79,3.41,5.67
Burnley,Crystal Palace,1,3,2.96,3.26,2.60
Manchester Utd,Southampton,3,2,1.44,4.58,8.18
Wolves,Cardiff,2,0,1.75,3.57,5.65
Tottenham,Arsenal,1,1,2.01,3.60,4.00
Chelsea,Tottenham,2,0,2.41,3.31,3.25
Crystal Palace,Manchester Utd,1,3,3.46,3.29,2.29
Liverpool,Watford,5,0,1.27,5.87,11.83
Manchester City,West Ham,1,0,1.10,11.25,24.67
Arsenal,Bournemouth,5,1,1.38,5.31,8.25
Southampton,Fulham,2,0,1.97,3.50,4.24
Newcastle,Burnley,2,0,2.16,3.29,3.89
Cardiff,Everton,0,3,4.01,3.39,2.05
Huddersfield,Wolves,1,0,5.70,3.60,1.73
Leicester,Brighton,2,1,1.82,3.50,5.11
Arsenal,Southampton,2,0,1.55,4.32,6.42
Manchester Utd,Liverpool,0,0,3.56,3.49,2.14
Leicester,Crystal Palace,1,4,2.27,3.32,3.39
Bournemouth,Wolves,1,1,3.12,3.33,2.44
Newcastle,Huddersfield,2,0,1.90,3.33,4.75
Burnley,Tottenham,2,1,6.20,4.04,1.58
Cardiff,Watford,1,5,3.22,3.29,2.41
West Ham,Fulham,3,1,2.00,3.49,4.01
Wolves,Newcastle,1,1,1.76,3.53,5.45
Manchester City,Chelsea,6,0,1.55,4.41,6.25
Tottenham,Leicester,3,1,1.66,3.82,5.79
Brighton,Burnley,1,3,2.03,3.30,4.23
Crystal Palace,West Ham,1,1,1.98,3.61,4.11
Huddersfield,Arsenal,1,2,5.63,3.92,1.66
Liverpool,Bournemouth,3,0,1.16,8.49,16.50
Southampton,Cardiff,1,2,1.81,3.56,4.91
Watford,Everton,1,0,2.53,3.40,2.98
Fulham,Manchester Utd,0,3,4.92,4.07,1.70
Everton,Manchester City,0,2,10.25,6.10,1.28
West Ham,Liverpool,1,1,9.10,5.96,1.31
Manchester City,Arsenal,3,1,1.24,7.17,10.83
Leicester,Manchester Utd,0,1,3.79,3.64,2.02
Cardiff,Bournemouth,2,0,3.31,3.48,2.26
Brighton,Watford,0,0,2.45,3.25,3.18
Burnley,Southampton,1,1,2.57,3.38,2.89
Chelsea,Huddersfield,5,0,1.22,6.51,14.25
Crystal Palace,Fulham,2,0,1.96,3.56,4.08
Everton,Wolves,1,3,2.66,3.24,2.84
Tottenham,Newcastle,1,0,1.42,4.52,8.70
Liverpool,Leicester,1,1,1.24,6.71,11.42
Tottenham,Watford,2,1,1.58,4.14,6.18
Bournemouth,Chelsea,4,0,5.61,4.29,1.60
Southampton,Crystal Palace,1,1,2.49,3.33,3.04
Manchester Utd,Burnley,2,2,1.32,5.36,10.30
Newcastle,Manchester City,2,1,16.83,8.17,1.16
Arsenal,Cardiff,2,1,1.21,6.91,13.83
Fulham,Brighton,4,2,2.46,3.24,3.22
Huddersfield,Everton,0,1,3.71,3.23,2.24
Wolves,West Ham,3,0,1.99,3.60,4.07
Fulham,Tottenham,1,2,5.41,3.72,1.70
Huddersfield,Manchester City,0,3,24.67,9.68,1.12
Arsenal,Chelsea,2,0,3.33,3.54,2.27
Bournemouth,West Ham,2,0,2.13,3.72,3.49
Liverpool,Crystal Palace,4,3,1.21,6.91,14.25
Manchester Utd,Brighton,2,1,1.35,5.20,9.22
Newcastle,Cardiff,3,0,2.05,3.22,4.17
Southampton,Everton,2,1,2.90,3.44,2.57
Watford,Burnley,0,0,1.68,3.93,5.37
Wolves,Leicester,4,3,2.32,3.20,3.45
Manchester City,Wolves,3,0,1.19,7.24,16.08
Tottenham,Manchester Utd,0,1,2.08,3.58,3.65
Everton,Bournemouth,2,0,1.71,3.99,4.98
Chelsea,Newcastle,2,1,1.20,6.80,17.67
Brighton,Liverpool,0,1,10.67,5.05,1.33
Burnley,Fulham,2,1,2.37,3.26,3.27
Cardiff,Huddersfield,0,0,2.14,3.22,3.85
Crystal Palace,Watford,1,2,2.29,3.36,3.32
Leicester,Southampton,1,2,1.91,3.36,4.63
West Ham,Arsenal,1,0,3.50,3.91,1.99
Manchester City,Liverpool,2,1,1.98,3.84,3.71
Newcastle,Manchester Utd,0,2,5.91,4.19,1.60
Bournemouth,Watford,3,3,2.57,3.52,2.79
Chelsea,Southampton,0,0,1.27,5.89,12.25
Huddersfield,Burnley,1,2,2.37,3.09,3.49
West Ham,Brighton,2,2,2.00,3.57,3.98
Wolves,Crystal Palace,0,2,2.30,3.17,3.55
Cardiff,Tottenham,0,3,8.70,4.96,1.39
Arsenal,Fulham,4,1,1.35,5.43,8.09
Everton,Leicester,0,1,2.02,3.50,3.95
Manchester Utd,Bournemouth,4,1,1.37,5.32,8.53
Burnley,West Ham,2,0,3.86,3.55,2.03
Southampton,Manchester City,1,3,12.17,6.87,1.24
Crystal Palace,Chelsea,0,1,4.89,3.84,1.76
Liverpool,Arsenal,5,1,1.39,5.36,7.66
Brighton,Everton,1,0,3.46,3.27,2.33
Fulham,Huddersfield,1,0,2.05,3.27,4.18
Leicester,Cardiff,0,1,1.56,3.93,7.36
Tottenham,Wolves,1,3,1.46,4.45,7.77
Watford,Newcastle,1,1,1.73,3.77,5.23
Southampton,West Ham,1,2,2.30,3.36,3.35
Watford,Chelsea,1,2,5.48,4.00,1.66
Brighton,Arsenal,1,1,5.31,3.90,1.70
Burnley,Everton,1,5,4.32,3.63,1.90
Crystal Palace,Cardiff,0,0,1.65,3.74,6.32
Leicester,Manchester City,2,1,9.71,5.65,1.32
Liverpool,Newcastle,4,0,1.16,8.09,20.33
Manchester Utd,Huddersfield,3,1,1.28,5.77,11.67
Tottenham,Bournemouth,5,0,1.35,5.43,8.97
Fulham,Wolves,1,1,3.06,3.17,2.57
Everton,Tottenham,2,6,3.43,3.65,2.14
Cardiff,Manchester Utd,1,5,6.56,4.20,1.55
Bournemouth,Brighton,2,0,1.99,3.47,4.15
Chelsea,Leicester,0,1,1.32,5.36,10.29
Huddersfield,Southampton,1,3,2.88,3.06,2.80
Manchester City,Crystal Palace,2,3,1.16,8.14,19.33
Newcastle,Fulham,0,0,2.24,3.32,3.52
West Ham,Watford,0,2,2.44,3.53,2.93
Arsenal,Burnley,3,1,1.21,6.93,15.17
Wolves,Liverpool,0,2,6.98,4.15,1.54
Liverpool,Manchester Utd,3,1,1.53,4.25,6.88
Brighton,Chelsea,1,2,8.50,4.44,1.43
Southampton,Arsenal,3,2,4.31,3.95,1.80
Fulham,West Ham,0,2,3.08,3.57,2.32
Crystal Palace,Leicester,1,0,2.77,3.18,2.78
Huddersfield,Newcastle,0,1,2.66,3.02,3.04
Tottenham,Burnley,1,0,1.19,7.21,16.58
Watford,Cardiff,3,2,1.68,3.80,5.52
Wolves,Bournemouth,2,0,1.96,3.47,4.23
Manchester City,Everton,3,1,1.22,6.99,12.08
Everton,Watford,2,2,1.67,3.90,5.57
Newcastle,Wolves,1,2,2.96,3.06,2.69
Leicester,Tottenham,0,2,4.24,3.51,1.95
Chelsea,Manchester City,2,0,3.55,3.53,2.09
Arsenal,Huddersfield,1,0,1.28,5.68,11.67
Burnley,Brighton,1,0,2.89,3.08,2.77
Cardiff,Southampton,1,0,3.24,3.29,2.38
Manchester Utd,Fulham,4,1,1.38,4.99,8.82
West Ham,Crystal Palace,3,2,2.29,3.38,3.34
Bournemouth,Liverpool,0,4,7.22,4.64,1.46
Manchester Utd,Arsenal,2,2,2.40,3.49,3.01
Tottenham,Southampton,3,1,1.32,5.39,10.01
Burnley,Liverpool,1,3,10.57,5.61,1.30
Everton,Newcastle,1,1,1.44,4.46,8.09
Fulham,Leicester,1,1,2.82,3.33,2.62
Wolves,Chelsea,2,1,5.81,3.91,1.64
Watford,Manchester City,1,2,8.81,5.32,1.35
Bournemouth,Huddersfield,2,1,1.70,3.72,5.52
Brighton,Crystal Palace,3,1,3.03,2.94,2.72
West Ham,Cardiff,3,1,1.66,3.98,5.48
Liverpool,Everton,1,0,1.45,4.46,7.91
Arsenal,Tottenham,4,2,2.85,3.53,2.50
Chelsea,Fulham,2,0,1.19,7.34,14.83
Southampton,Manchester Utd,2,2,4.46,3.45,1.93
Crystal Palace,Burnley,2,0,1.56,3.94,7.18
Huddersfield,Brighton,1,2,2.42,2.92,3.62
Leicester,Watford,2,0,2.37,3.27,3.28
Manchester City,Bournemouth,3,1,1.13,9.61,22.33
Newcastle,West Ham,0,3,2.55,3.35,2.94
Cardiff,Wolves,2,1,3.58,3.23,2.23
Burnley,Newcastle,1,2,3.10,3.11,2.55
Wolves,Huddersfield,0,2,1.58,3.69,7.43
Bournemouth,Arsenal,1,2,3.47,3.71,2.05
Tottenham,Chelsea,3,1,3.02,3.43,2.46
Brighton,Leicester,1,1,2.83,3.16,2.76
Everton,Cardiff,1,0,1.44,4.51,8.31
Fulham,Southampton,3,2,2.74,3.33,2.73
Manchester Utd,Crystal Palace,0,0,1.44,4.56,8.00
Watford,Liverpool,0,3,6.03,4.45,1.56
West Ham,Manchester City,0,4,12.17,6.80,1.24
Arsenal,Wolves,1,1,1.62,4.21,5.52
Manchester City,Manchester Utd,3,1,1.35,5.35,8.92
Chelsea,Everton,0,0,1.38,5.02,8.68
Liverpool,Fulham,2,0,1.10,11.17,26.00
Crystal Palace,Tottenham,0,1,5.38,3.97,1.67
Huddersfield,West Ham,1,1,3.37,3.27,2.31
Leicester,Burnley,0,0,1.47,4.44,7.47
Newcastle,Bournemouth,2,1,2.83,3.40,2.57
Southampton,Watford,1,1,2.29,3.35,3.33
Cardiff,Brighton,2,1,2.57,3.03,3.14
Huddersfield,Fulham,1,0,2.40,3.34,3.12
Chelsea,Crystal Palace,3,1,1.32,5.55,9.59
Manchester City,Southampton,6,1,1.11,10.49,26.00
Wolves,Tottenham,2,3,3.47,3.37,2.22
Arsenal,Liverpool,1,1,4.01,3.93,1.89
Cardiff,Leicester,0,1,3.49,3.34,2.22
Everton,Brighton,3,1,1.55,4.01,6.99
Newcastle,Watford,1,0,2.78,3.21,2.73
West Ham,Burnley,4,2,1.57,4.09,6.40
Bournemouth,Manchester Utd,1,2,4.03,3.69,1.94
Tottenham,Manchester City,0,1,5.28,4.15,1.65
Manchester Utd,Everton,2,1,1.79,3.67,4.79
Burnley,Chelsea,0,4,9.72,4.68,1.38
Crystal Palace,Arsenal,2,2,4.44,3.92,1.78
Leicester,West Ham,1,1,1.95,3.53,4.09
Brighton,Wolves,1,0,3.46,3.09,2.33
Fulham,Bournemouth,0,3,2.81,3.63,2.43
Liverpool,Cardiff,4,1,1.10,11.29,28.18
Southampton,Newcastle,0,0,1.99,3.33,4.16
Watford,Huddersfield,3,0,1.76,3.41,5.64
Arsenal,Leicester,3,1,1.60,4.13,5.76
Everton,Crystal Palace,2,0,1.79,3.59,5.07
Huddersfield,Liverpool,0,1,11.48,5.25,1.31
Bournemouth,Southampton,0,0,2.25,3.41,3.37
Cardiff,Fulham,4,2,2.52,3.43,2.87
Manchester City,Burnley,5,0,1.07,14.40,33.38
Newcastle,Brighton,0,1,2.20,3.17,3.80
West Ham,Tottenham,0,1,3.93,3.75,1.89
Wolves,Watford,0,2,1.76,3.54,5.50
Chelsea,Manchester Utd,2,2,1.76,3.91,4.87
Liverpool,Manchester City,0,0,2.75,3.58,2.57
Southampton,Chelsea,0,3,6.63,4.14,1.56
Fulham,Arsenal,1,5,5.10,4.40,1.64
Manchester Utd,Newcastle,3,2,1.39,4.67,9.88
Burnley,Huddersfield,1,1,2.34,2.98,3.67
Crystal Palace,Wolves,0,1,2.82,3.19,2.71
Leicester,Everton,1,2,2.20,3.32,3.63
Tottenham,Cardiff,1,0,1.25,6.52,12.62
Watford,Bournemouth,0,4,2.07,3.49,3.79
Brighton,West Ham,1,0,2.84,3.22,2.67
Bournemouth,Crystal Palace,2,1,2.31,3.47,3.20
Cardiff,Burnley,1,2,2.42,3.08,3.33
Chelsea,Liverpool,1,1,2.88,3.50,2.52
Arsenal,Watford,2,0,1.47,4.72,6.88
Everton,Fulham,3,0,1.67,4.19,5.09
Huddersfield,Tottenham,0,2,6.37,4.00,1.59
Manchester City,Brighton,2,0,1.09,12.13,33.05
Newcastle,Leicester,0,2,2.73,3.19,2.79
Wolves,Southampton,2,0,1.90,3.44,4.66
West Ham,Manchester Utd,3,1,4.04,3.56,1.97
Arsenal,Everton,2,0,1.39,5.28,8.00
West Ham,Chelsea,0,0,6.76,4.51,1.51
Brighton,Tottenham,1,2,5.35,3.95,1.69
Burnley,Bournemouth,4,0,3.27,3.36,2.33
Cardiff,Manchester City,0,5,21.93,8.49,1.15
Crystal Palace,Newcastle,0,0,2.09,3.29,3.94
Leicester,Huddersfield,3,1,1.71,3.56,5.99
Liverpool,Southampton,3,0,1.18,7.76,17.37
Manchester Utd,Wolves,1,1,1.60,3.95,6.45
Fulham,Watford,1,1,2.84,3.42,2.55
Southampton,Brighton,2,2,1.99,3.27,4.43
Everton,West Ham,1,3,2.05,3.48,3.86
Wolves,Burnley,1,0,1.73,3.55,5.71
Watford,Manchester Utd,1,2,4.97,3.54,1.82
Bournemouth,Leicester,4,2,2.40,3.40,3.09
Chelsea,Cardiff,4,1,1.14,8.79,23.27
Huddersfield,Crystal Palace,0,1,3.46,3.08,2.38
Manchester City,Fulham,3,0,1.08,12.78,33.12
Newcastle,Arsenal,1,2,4.46,3.85,1.82
Tottenham,Liverpool,1,2,3.10,3.59,2.34
Burnley,Manchester Utd,0,2,6.47,3.92,1.61
Watford,Tottenham,2,1,5.50,4.03,1.68
Cardiff,Arsenal,2,3,6.20,4.41,1.55
Manchester City,Newcastle,2,1,1.11,10.66,27.08
Brighton,Fulham,2,2,2.20,3.46,3.55
Chelsea,Bournemouth,2,0,1.30,6.05,10.36
Crystal Palace,Southampton,0,2,2.36,3.31,3.06
Everton,Huddersfield,1,1,1.58,3.90,7.10
West Ham,Wolves,0,1,2.55,3.32,2.93
Leicester,Liverpool,1,2,7.99,4.99,1.42
Manchester Utd,Tottenham,0,3,2.63,3.33,2.87
Fulham,Burnley,4,2,2.18,3.21,3.77
Newcastle,Chelsea,1,2,6.30,4.10,1.59
Watford,Crystal Palace,2,1,2.43,3.21,3.20
Liverpool,Brighton,1,0,1.15,8.88,20.60
Arsenal,West Ham,3,1,1.37,5.39,8.13
Bournemouth,Everton,2,2,2.66,3.46,2.69
Huddersfield,Cardiff,0,0,2.42,2.97,3.49
Southampton,Leicester,1,2,2.36,3.28,3.28
Wolves,Manchester City,1,1,10.94,6.00,1.29
Crystal Palace,Liverpool,0,2,8.26,5.21,1.38
Brighton,Manchester Utd,3,2,5.95,3.58,1.70
Burnley,Watford,1,3,2.39,3.03,3.46
Manchester City,Huddersfield,6,1,1.08,12.45,35.02
Chelsea,Arsenal,3,2,1.84,3.84,4.52
Everton,Southampton,2,1,1.81,3.52,5.05
Leicester,Wolves,2,0,2.11,3.34,3.83
Tottenham,Fulham,3,1,1.26,6.13,12.62
West Ham,Bournemouth,1,2,2.07,3.52,3.74
Cardiff,Newcastle,0,0,3.39,3.06,2.41
Arsenal,Manchester City,0,2,4.35,4.01,1.84
Liverpool,West Ham,4,0,1.23,6.93,12.77
Southampton,Burnley,0,0,2.01,3.18,4.50
Wolves,Everton,2,2,2.38,3.22,3.31
Bournemouth,Cardiff,2,0,1.88,3.59,4.58
Fulham,Crystal Palace,0,2,2.57,3.38,2.86
Huddersfield,Chelsea,0,3,6.78,3.94,1.59
Watford,Brighton,2,0,2.50,3.10,3.21
Newcastle,Tottenham,1,2,4.28,3.51,1.96
Manchester Utd,Leicester,2,1,1.57,3.96,7.02
Burnley,Bournemouth,1,2,2.39,3.48,3.09
Crystal Palace,West Brom,2,0,1.77,3.92,4.72
Huddersfield,Arsenal,0,1,5.64,4.67,1.56
Liverpool,Brighton,4,0,1.22,7.28,12.76
Manchester Utd,Watford,1,0,1.54,4.36,6.67
Newcastle,Chelsea,3,0,4.58,3.93,1.78
Southampton,Manchester City,0,1,6.06,4.59,1.55
Swansea,Stoke,1,2,2.06,3.54,3.81
Tottenham,Leicester,5,4,1.38,5.61,7.67
West Ham,Everton,3,1,2.32,3.40,3.25
West Ham,Manchester Utd,0,0,4.55,3.86,1.81
Manchester City,Brighton,3,1,1.19,7.76,15.70
Tottenham,Newcastle,1,0,1.21,7.50,14.74
Chelsea,Huddersfield,1,1,1.26,5.83,14.73
Leicester,Arsenal,3,1,3.83,3.90,1.95
Swansea,Southampton,0,1,3.31,3.17,2.41
Arsenal,Burnley,5,0,1.42,4.98,7.71
Chelsea,Liverpool,1,0,2.19,3.65,3.38
Manchester City,Huddersfield,0,0,1.07,14.73,33.78
Everton,Southampton,1,1,2.81,3.27,2.68
Bournemouth,Swansea,1,0,2.02,3.56,3.88
Leicester,West Ham,0,2,2.33,3.42,3.22
Watford,Newcastle,2,1,2.22,3.30,3.60
West Brom,Tottenham,1,0,7.31,4.44,1.49
Stoke,Crystal Palace,1,2,2.51,3.48,2.87
Brighton,Manchester Utd,1,0,4.97,3.50,1.84
Tottenham,Watford,2,0,1.17,8.69,16.54
Manchester Utd,Arsenal,2,1,1.39,5.37,8.16
West Ham,Manchester City,1,4,9.67,5.76,1.32
Swansea,Chelsea,0,1,7.81,4.77,1.44
Burnley,Brighton,0,0,2.40,3.10,3.38
Crystal Palace,Leicester,5,0,2.09,3.53,3.71
Huddersfield,Everton,0,2,2.71,3.02,3.00
Newcastle,West Brom,0,1,1.98,3.32,4.44
Southampton,Bournemouth,2,1,1.70,4.08,5.01
Liverpool,Stoke,0,0,1.28,6.05,11.31
Everton,Newcastle,1,0,2.20,3.32,3.61
Manchester City,Swansea,5,0,1.13,9.80,21.30
Arsenal,West Ham,4,1,1.51,4.63,6.60
Stoke,Burnley,1,1,2.25,3.36,3.44
Watford,Crystal Palace,0,0,3.02,3.28,2.50
West Brom,Liverpool,2,2,6.59,4.07,1.58
Burnley,Chelsea,1,2,4.41,3.55,1.91
Leicester,Southampton,0,0,2.42,3.46,3.05
Bournemouth,Manchester Utd,0,2,4.51,3.82,1.83
Brighton,Tottenham,1,1,6.29,4.26,1.57
West Ham,Stoke,1,1,1.98,3.47,4.14
Manchester Utd,West Brom,0,1,1.20,7.27,16.70
Newcastle,Arsenal,2,1,2.89,3.49,2.49
Tottenham,Manchester City,1,3,2.79,3.63,2.54
Liverpool,Bournemouth,3,0,1.22,7.15,13.42
Burnley,Leicester,2,1,2.64,3.14,2.97
Crystal Palace,Brighton,3,2,1.86,3.46,4.90
Huddersfield,Watford,1,0,2.60,3.13,3.03
Swansea,Everton,1,1,2.73,3.12,2.86
Southampton,Chelsea,2,3,4.60,3.79,1.82
Chelsea,West Ham,1,1,1.30,5.76,11.15
Arsenal,Southampton,3,2,1.70,3.84,4.81
Manchester City,Manchester Utd,2,3,1.82,3.72,4.65
Bournemouth,Crystal Palace,2,2,2.56,3.51,2.78
Brighton,Huddersfield,1,1,1.75,3.59,5.58
Leicester,Newcastle,1,2,1.88,3.54,4.65
Stoke,Tottenham,1,2,10.82,6.15,1.28
Watford,Burnley,1,2,2.39,3.15,3.38
West Brom,Swansea,1,1,2.43,3.15,3.28
Everton,Liverpool,0,0,3.68,3.48,2.09
Chelsea,Tottenham,1,3,2.34,3.40,3.29
Arsenal,Stoke,3,0,1.30,5.91,10.11
Everton,Manchester City,1,3,9.62,5.33,1.35
Brighton,Leicester,0,2,2.76,3.26,2.74
Manchester Utd,Swansea,2,0,1.23,6.46,15.57
Newcastle,Huddersfield,1,0,1.77,3.56,5.37
Watford,Bournemouth,2,2,2.30,3.41,3.27
West Brom,Burnley,1,2,2.60,3.02,3.13
West Ham,Southampton,3,0,2.84,3.18,2.71
Crystal Palace,Liverpool,1,2,6.76,4.75,1.48
Liverpool,Watford,5,0,1.16,8.57,16.54
Bournemouth,West Brom,2,1,1.79,3.73,4.79
Huddersfield,Crystal Palace,0,2,2.74,3.16,2.80
Stoke,Everton,1,2,2.74,3.19,2.78
Stoke,Manchester City,0,2,14.08,6.88,1.22
Bournemouth,Tottenham,1,4,7.25,4.92,1.43
Arsenal,Watford,3,0,1.51,4.48,6.61
Chelsea,Crystal Palace,2,1,1.30,5.55,11.64
Everton,Brighton,2,0,2.26,3.23,3.52
Huddersfield,Swansea,0,0,2.45,3.02,3.32
Newcastle,Southampton,3,0,2.66,3.11,2.93
West Brom,Leicester,1,4,3.13,3.31,2.40
West Ham,Burnley,0,3,2.23,3.12,3.70
Manchester Utd,Liverpool,2,1,3.09,3.22,2.49
Crystal Palace,Manchester Utd,2,3,7.74,4.57,1.44
Manchester City,Chelsea,1,0,1.49,4.72,6.52
Brighton,Arsenal,2,1,4.12,3.64,1.93
Liverpool,Newcastle,2,0,1.21,7.26,14.74
Leicester,Bournemouth,1,1,1.90,3.61,4.27
Southampton,Stoke,0,0,1.72,3.69,5.38
Swansea,West Ham,4,1,2.59,3.03,3.08
Tottenham,Huddersfield,2,0,1.16,8.12,19.33
Watford,West Brom,1,0,2.32,3.18,3.43
Burnley,Everton,2,1,2.56,2.91,3.27
Arsenal,Manchester City,0,3,4.58,4.27,1.72
Manchester Utd,Chelsea,2,1,2.41,3.19,3.28
Crystal Palace,Tottenham,0,1,9.25,5.32,1.35
Watford,Everton,1,0,2.39,3.20,3.27
Bournemouth,Newcastle,2,2,2.00,3.56,3.94
Brighton,Swansea,4,1,2.04,3.18,4.32
Burnley,Southampton,1,1,3.23,3.00,2.51
Liverpool,West Ham,4,1,1.23,6.91,12.77
West Brom,Huddersfield,1,2,1.89,3.39,4.74
Leicester,Stoke,1,1,1.71,3.85,5.29
Chelsea,West Brom,3,0,1.33,5.14,10.93
Southampton,Liverpool,0,2,4.94,3.89,1.73
Newcastle,Manchester Utd,1,0,6.13,4.04,1.61
Huddersfield,Bournemouth,4,1,3.12,3.27,2.42
Manchester City,Leicester,5,1,1.24,6.44,13.73
Everton,Crystal Palace,3,1,2.14,3.20,3.89
Stoke,Brighton,1,1,2.35,3.20,3.33
Swansea,Burnley,1,0,2.39,2.98,3.53
West Ham,Watford,2,0,2.40,3.28,3.15
Tottenham,Arsenal,1,0,1.95,3.82,3.89
Watford,Chelsea,4,1,6.50,4.34,1.54
Liverpool,Tottenham,2,2,1.99,3.79,3.74
Crystal Palace,Newcastle,1,1,2.08,3.28,3.98
Arsenal,Everton,5,1,1.33,5.53,9.63
Bournemouth,Stoke,2,1,1.92,3.60,4.20
Brighton,West Ham,3,1,2.28,3.04,3.74
Leicester,Swansea,1,1,1.84,3.48,4.86
Manchester Utd,Huddersfield,2,0,1.22,6.53,15.56
West Brom,Southampton,2,3,2.84,3.08,2.77
Burnley,Manchester City,1,1,11.77,5.70,1.29
Manchester City,West Brom,3,0,1.14,9.12,20.60
Stoke,Watford,0,0,2.18,3.40,3.52
Tottenham,Manchester Utd,2,0,2.43,3.37,3.09
Chelsea,Bournemouth,0,3,1.37,4.97,9.47
Everton,Leicester,2,1,2.72,3.14,2.84
Newcastle,Burnley,1,1,2.23,3.07,3.78
Southampton,Brighton,1,1,1.81,3.42,5.27
Huddersfield,Liverpool,0,3,10.41,5.46,1.31
Swansea,Arsenal,3,1,6.69,4.28,1.53
West Ham,Crystal Palace,1,1,3.02,3.19,2.54
Swansea,Liverpool,1,0,10.83,5.81,1.29
Southampton,Tottenham,1,1,4.44,3.72,1.85
Manchester City,Newcastle,3,1,1.12,10.14,25.52
Arsenal,Crystal Palace,4,1,1.47,4.67,7.02
Burnley,Manchester Utd,0,1,7.28,3.94,1.55
Everton,West Brom,1,1,2.47,2.93,3.41
Leicester,Watford,2,0,1.77,3.82,4.80
Stoke,Huddersfield,2,0,2.03,3.38,4.01
West Ham,Bournemouth,1,1,2.31,3.32,3.31
Brighton,Chelsea,0,4,6.47,3.71,1.64
Manchester Utd,Stoke,3,0,1.20,7.15,15.72
Liverpool,Manchester City,4,3,3.09,3.61,2.32
Bournemouth,Arsenal,2,1,3.71,3.68,2.02
Tottenham,Everton,4,0,1.27,5.95,12.29
Chelsea,Leicester,0,0,1.30,5.60,11.30
Crystal Palace,Burnley,1,0,2.22,3.13,3.76
Huddersfield,West Ham,1,4,2.82,3.08,2.78
Newcastle,Swansea,1,1,1.75,3.61,5.37
Watford,Southampton,2,2,2.63,3.31,2.81
West Brom,Brighton,2,0,2.15,3.06,4.08
Tottenham,West Ham,1,1,1.28,5.95,10.97
Arsenal,Chelsea,2,2,3.21,3.40,2.33
Manchester City,Watford,3,1,1.12,10.55,21.32
Southampton,Crystal Palace,1,2,2.08,3.31,3.89
Swansea,Tottenham,0,2,8.12,4.39,1.46
West Ham,West Brom,2,1,2.14,3.12,3.96
Everton,Manchester Utd,0,2,5.58,3.68,1.71
Burnley,Liverpool,1,2,6.01,3.85,1.64
Leicester,Huddersfield,3,0,1.82,3.48,5.05
Stoke,Newcastle,0,1,2.29,3.26,3.38
Brighton,Bournemouth,2,2,2.42,3.05,3.39
West Brom,Arsenal,1,1,5.51,4.13,1.63
Crystal Palace,Manchester City,0,0,10.15,5.84,1.30
Manchester Utd,Southampton,0,0,1.34,5.25,9.65
Bournemouth,Everton,2,1,2.40,3.16,3.32
Chelsea,Stoke,5,0,1.13,9.45,20.98
Huddersfield,Burnley,0,0,2.41,2.97,3.50
Liverpool,Leicester,2,1,1.26,6.74,10.07
Newcastle,Brighton,0,0,2.12,3.19,3.97
Watford,Swansea,1,2,1.79,3.57,5.05
Crystal Palace,Arsenal,2,3,4.51,4.19,1.74
Newcastle,Manchester City,0,1,11.96,6.88,1.24
Liverpool,Swansea,5,0,1.15,9.19,18.00
Bournemouth,West Ham,3,3,2.54,3.20,3.00
Chelsea,Brighton,2,0,1.17,7.57,18.67
Huddersfield,Stoke,1,1,2.36,3.14,3.40
Manchester Utd,Burnley,2,2,1.26,6.02,12.93
Watford,Leicester,2,1,2.64,3.39,2.73
West Brom,Everton,0,0,2.28,3.08,3.64
Tottenham,Southampton,5,2,1.33,5.41,9.42
Leicester,Manchester Utd,2,2,4.09,3.59,1.95
Burnley,Tottenham,0,3,6.66,4.19,1.55
Brighton,Watford,1,0,2.67,3.15,2.88
Manchester City,Bournemouth,4,0,1.08,12.77,28.45
Southampton,Huddersfield,1,1,1.66,3.76,5.91
Stoke,West Brom,3,1,2.34,3.13,3.46
Swansea,Crystal Palace,1,1,3.28,3.23,2.37
West Ham,Newcastle,2,3,1.99,3.36,4.25
Everton,Chelsea,0,0,6.54,4.04,1.58
Arsenal,Liverpool,3,3,2.61,3.62,2.66
Everton,Swansea,3,1,1.79,3.45,5.28
Bournemouth,Liverpool,0,4,6.78,4.95,1.45
West Brom,Manchester Utd,1,2,6.07,3.69,1.67
Manchester City,Tottenham,4,1,1.62,4.41,5.28
Stoke,West Ham,0,3,2.42,3.13,3.18
Arsenal,Newcastle,1,0,1.25,6.50,11.96
Brighton,Burnley,0,0,2.48,2.91,3.40
Chelsea,Southampton,1,0,1.40,4.80,8.54
Watford,Huddersfield,1,4,1.73,3.71,5.35
Leicester,Crystal Palace,0,3,1.77,3.78,4.86
Liverpool,West Brom,0,0,1.19,7.55,15.57
Manchester Utd,Bournemouth,1,0,1.28,6.23,10.82
Tottenham,Brighton,2,0,1.20,7.14,15.89
West Ham,Arsenal,0,0,5.20,4.17,1.66
Newcastle,Everton,0,1,2.21,3.23,3.64
Southampton,Leicester,1,4,1.95,3.49,4.21
Swansea,Manchester City,0,4,12.46,6.68,1.24
Crystal Palace,Watford,2,1,2.31,3.45,3.19
Huddersfield,Chelsea,1,3,8.63,4.48,1.43
Burnley,Stoke,1,0,2.34,3.16,3.41
Manchester Utd,Manchester City,1,2,3.36,3.51,2.20
Liverpool,Everton,1,1,1.34,5.26,9.81
Southampton,Arsenal,1,1,4.19,3.73,1.89
Newcastle,Leicester,2,3,2.59,3.26,2.89
Burnley,Watford,1,0,2.80,3.13,2.76
Crystal Palace,Bournemouth,2,2,1.92,3.61,4.20
Huddersfield,Brighton,2,0,2.72,2.93,3.01
Swansea,West Brom,1,0,2.83,2.93,2.89
Tottenham,Stoke,5,1,1.28,6.08,10.66
West Ham,Chelsea,1,0,7.11,4.52,1.48
Manchester City,West Ham,2,1,1.10,11.70,24.23
Bournemouth,Southampton,1,1,3.33,3.24,2.35
Arsenal,Manchester Utd,1,3,2.35,3.37,3.21
Brighton,Liverpool,1,5,6.81,4.27,1.53
Everton,Huddersfield,2,0,1.88,3.46,4.69
Leicester,Burnley,1,0,2.02,3.29,4.19
Stoke,Swansea,2,1,1.84,3.57,4.75
Watford,Tottenham,1,1,5.11,4.28,1.65
West Brom,Crystal Palace,0,0,2.64,3.09,2.97
Chelsea,Newcastle,3,1,1.23,6.20,15.38
Everton,West Ham,4,0,2.45,3.23,3.16
Manchester City,Southampton,2,1,1.24,6.58,12.94
Stoke,Liverpool,0,3,5.84,4.32,1.58
Arsenal,Huddersfield,5,0,1.18,7.67,16.54
Bournemouth,Burnley,1,2,2.21,3.17,3.75
Chelsea,Swansea,1,0,1.19,7.20,16.54
Watford,Manchester Utd,2,4,4.98,3.75,1.76
West Brom,Newcastle,2,2,2.41,3.08,3.38
Brighton,Crystal Palace,0,0,2.63,3.06,3.00
Leicester,Tottenham,2,1,4.89,3.79,1.76
Huddersfield,Manchester City,1,2,17.35,8.07,1.17
Burnley,Arsenal,0,1,5.72,4.11,1.62
Southampton,Everton,4,1,1.87,3.49,4.69
Liverpool,Chelsea,1,1,2.18,3.57,3.37
Crystal Palace,Stoke,2,1,1.97,3.55,4.08
Manchester Utd,Brighton,1,0,1.18,7.18,19.32
Newcastle,Watford,0,3,2.32,3.36,3.24
Swansea,Bournemouth,0,0,2.94,3.19,2.59
Tottenham,West Brom,1,1,1.22,6.67,14.42
West Ham,Leicester,1,1,2.80,3.23,2.69
Brighton,Stoke,2,2,2.39,3.10,3.40
Watford,West Ham,2,0,2.30,3.19,3.47
Manchester Utd,Newcastle,4,1,1.28,5.71,12.77
Bournemouth,Huddersfield,4,0,1.80,3.58,5.01
Burnley,Swansea,2,0,2.32,2.99,3.68
Crystal Palace,Everton,2,2,2.25,3.20,3.55
Leicester,Manchester City,0,2,7.77,5.64,1.36
Liverpool,Southampton,3,0,1.42,4.87,7.82
West Brom,Chelsea,0,4,6.80,4.07,1.56
Arsenal,Tottenham,2,0,2.52,3.45,2.86
Chelsea,Manchester Utd,1,0,2.56,3.08,3.13
Everton,Watford,3,2,2.26,3.28,3.45
Manchester City,Arsenal,3,1,1.39,5.57,7.33
Tottenham,Crystal Palace,1,0,1.31,5.59,9.97
West Ham,Liverpool,1,4,6.06,4.48,1.54
Huddersfield,West Brom,1,0,2.82,2.91,2.94
Newcastle,Bournemouth,0,1,1.85,3.60,4.62
Southampton,Burnley,0,1,1.67,3.63,6.26
Swansea,Brighton,0,1,2.50,3.01,3.26
Stoke,Leicester,2,2,2.59,3.24,2.90
Burnley,Newcastle,1,0,3.14,3.09,2.53
Leicester,Everton,2,0,2.06,3.46,3.80
Brighton,Southampton,1,1,3.93,3.42,2.11
Bournemouth,Chelsea,0,1,5.78,4.31,1.58
Arsenal,Swansea,2,1,1.20,7.67,14.08
Crystal Palace,West Ham,2,2,2.53,3.12,3.09
Liverpool,Huddersfield,3,0,1.24,6.39,13.43
Watford,Stoke,0,1,2.01,3.56,3.86
West Brom,Manchester City,2,3,11.47,5.81,1.28
Manchester Utd,Tottenham,1,0,2.10,3.31,3.90
Tottenham,Liverpool,4,1,2.19,3.57,3.36
Everton,Arsenal,2,5,4.37,3.84,1.83
Southampton,West Brom,1,0,1.86,3.34,5.05
Huddersfield,Manchester Utd,2,1,9.07,4.61,1.40
Manchester City,Burnley,3,0,1.10,10.72,24.32
Newcastle,Crystal Palace,1,0,1.90,3.53,4.46
Stoke,Bournemouth,1,2,2.16,3.43,3.52
Swansea,Leicester,1,2,2.81,3.18,2.70
Chelsea,Watford,4,2,1.35,5.22,8.82
West Ham,Brighton,0,3,1.80,3.47,5.20
Leicester,West Brom,1,1,1.98,3.38,4.23
Southampton,Newcastle,2,2,1.91,3.40,4.62
Brighton,Everton,1,1,3.18,3.10,2.48
Watford,Arsenal,2,1,4.75,4.08,1.73
Burnley,West Ham,1,1,2.91,3.23,2.60
Crystal Palace,Chelsea,2,1,7.71,4.48,1.46
Manchester City,Stoke,7,2,1.12,10.42,21.30
Swansea,Huddersfield,2,0,2.05,3.25,4.15
Tottenham,Bournemouth,1,0,1.24,6.82,12.12
Liverpool,Manchester Utd,0,0,2.73,3.28,2.75
Newcastle,Liverpool,1,1,4.73,4.04,1.71
Everton,Burnley,0,1,1.73,3.60,5.44
Arsenal,Brighton,2,0,1.24,6.28,13.38
Chelsea,Manchester City,0,1,2.67,3.44,2.69
Bournemouth,Leicester,0,0,2.53,3.44,2.77
Manchester Utd,Crystal Palace,4,0,1.19,7.11,17.50
Stoke,Southampton,2,1,2.85,3.26,2.57
West Brom,Watford,2,2,2.16,3.23,3.73
West Ham,Swansea,1,0,1.86,3.50,4.56
Huddersfield,Tottenham,0,4,8.75,4.61,1.41
Arsenal,West Brom,2,0,1.32,5.42,10.23
Brighton,Newcastle,1,0,2.84,3.07,2.77
Leicester,Liverpool,2,3,4.30,4.04,1.80
Burnley,Huddersfield,0,0,2.37,3.13,3.37
Everton,Bournemouth,2,1,1.74,3.77,5.06
Manchester City,Crystal Palace,5,0,1.12,9.99,21.97
Southampton,Manchester Utd,0,1,4.72,3.61,1.83
Stoke,Chelsea,0,4,6.41,4.32,1.54
Swansea,Watford,1,2,2.31,3.26,3.36
West Ham,Tottenham,2,3,5.59,4.23,1.61
Manchester Utd,Everton,4,0,1.34,5.22,10.42
Chelsea,Arsenal,0,0,1.78,3.92,4.63
Tottenham,Swansea,0,0,1.21,7.21,14.42
Huddersfield,Leicester,1,1,3.47,3.31,2.24
Liverpool,Burnley,1,1,1.25,6.31,12.28
Newcastle,Stoke,2,1,2.19,3.37,3.56
Watford,Manchester City,0,6,9.62,5.81,1.31
West Brom,West Ham,0,0,2.31,3.21,3.39
Crystal Palace,Southampton,0,1,2.87,3.19,2.66
Bournemouth,Brighton,2,1,2.11,3.38,3.75
West Ham,Huddersfield,2,0,2.04,3.39,3.99
Swansea,Newcastle,0,1,2.42,3.19,3.18
Burnley,Crystal Palace,1,0,2.22,3.26,3.57
Stoke,Manchester Utd,2,2,7.11,4.22,1.52
Arsenal,Bournemouth,3,0,1.30,6.22,9.44
Brighton,West Brom,3,1,2.66,3.06,2.97
Everton,Tottenham,0,3,3.92,3.49,2.01
Leicester,Chelsea,1,2,4.67,3.79,1.80
Southampton,Watford,0,2,1.67,3.93,5.43
Manchester City,Liverpool,5,0,1.91,3.90,3.98
Liverpool,Arsenal,4,0,2.19,3.66,3.30
Tottenham,Burnley,1,1,1.20,6.95,15.40
Chelsea,Everton,2,0,1.51,4.29,6.96
West Brom,Stoke,1,1,2.47,3.16,3.16
Manchester Utd,Leicester,2,0,1.32,5.60,10.45
Crystal Palace,Swansea,0,2,2.04,3.34,4.03
Huddersfield,Southampton,0,0,4.06,3.46,1.99
Newcastle,West Ham,3,0,2.35,3.35,3.18
Watford,Brighton,0,0,2.18,3.23,3.74
Bournemouth,Manchester City,1,2,11.23,6.48,1.26
Manchester City,Everton,1,1,1.31,5.85,10.82
Tottenham,Chelsea,1,2,2.15,3.41,3.69
Huddersfield,Newcastle,1,0,2.82,3.16,2.75
Stoke,Arsenal,1,0,4.30,3.83,1.86
Bournemouth,Watford,0,2,2.02,3.58,3.85
Burnley,West Brom,0,1,2.61,3.05,3.09
Leicester,Brighton,2,0,1.75,3.65,5.42
Liverpool,Crystal Palace,1,0,1.40,5.11,8.57
Southampton,West Ham,3,2,1.73,3.94,5.00
Swansea,Manchester Utd,0,4,10.88,5.16,1.35
Manchester Utd,West Ham,4,0,1.31,5.68,11.15
Newcastle,Tottenham,0,2,4.84,3.85,1.77
Brighton,Manchester City,0,2,10.77,5.93,1.30
Chelsea,Burnley,2,3,1.31,5.62,12.14
Crystal Palace,Huddersfield,0,3,1.83,3.55,4.93
Everton,Stoke,1,0,1.82,3.48,5.17
Southampton,Swansea,0,0,1.62,4.02,6.18
West Brom,Bournemouth,1,0,2.55,3.23,3.01
Watford,Liverpool,3,3,6.46,4.22,1.56
Arsenal,Leicester,4,3,1.49,4.71,6.86
Arsenal,Everton,3,1,1.37,5.60,7.91
Burnley,West Ham,1,2,2.31,3.45,3.19
Chelsea,Sunderland,5,1,1.11,11.13,25.90
Hull,Tottenham,1,7,9.47,6.24,1.31
Leicester,Bournemouth,1,1,1.72,4.26,4.56
Liverpool,Middlesbrough,3,0,1.13,9.96,21.28
Manchester Utd,Crystal Palace,2,0,2.32,3.35,3.25
Southampton,Stoke,0,1,1.64,4.22,5.28
Swansea,West Brom,2,1,2.30,3.38,3.27
Watford,Manchester City,0,5,17.54,9.01,1.16
Leicester,Tottenham,1,6,4.11,3.95,1.87
Southampton,Manchester Utd,0,0,2.41,3.24,3.22
Manchester City,West Brom,3,1,1.16,9.08,18.32
Arsenal,Sunderland,2,0,1.12,11.29,21.93
Chelsea,Watford,4,3,1.28,6.19,10.66
Tottenham,Manchester Utd,2,1,1.65,3.97,5.72
West Ham,Liverpool,0,4,5.83,4.03,1.64
Crystal Palace,Hull,4,0,1.95,3.61,4.14
Stoke,Arsenal,1,4,5.15,4.18,1.66
Bournemouth,Burnley,2,1,1.84,3.90,4.31
Middlesbrough,Southampton,1,2,3.82,3.47,2.07
Sunderland,Swansea,0,2,3.46,3.54,2.19
Manchester City,Leicester,2,1,1.22,7.66,12.29
West Brom,Chelsea,0,1,9.68,5.09,1.36
Everton,Watford,1,0,1.43,4.88,8.15
Southampton,Arsenal,0,2,3.34,3.71,2.15
Chelsea,Middlesbrough,3,0,1.14,9.50,22.60
Arsenal,Manchester Utd,2,0,2.13,3.57,3.59
Liverpool,Southampton,0,0,1.59,4.23,6.05
Swansea,Everton,1,0,2.50,3.46,2.89
Bournemouth,Stoke,2,2,2.34,3.50,3.13
Burnley,West Brom,2,2,2.51,3.01,3.26
Hull,Sunderland,0,2,1.55,4.42,6.22
Leicester,Watford,3,0,1.66,3.86,5.87
Manchester City,Crystal Palace,5,0,1.25,6.95,11.47
West Ham,Tottenham,1,0,8.29,5.15,1.40
Watford,Liverpool,0,1,5.77,4.28,1.61
Tottenham,Arsenal,2,0,1.81,4.16,4.27
Everton,Chelsea,0,3,4.39,3.73,1.87
Middlesbrough,Manchester City,2,2,11.47,6.20,1.28
Manchester Utd,Swansea,1,1,1.43,4.66,8.76
Crystal Palace,Burnley,0,2,1.80,3.53,5.26
Southampton,Hull,0,0,1.58,4.16,6.27
Stoke,West Ham,0,0,2.02,3.39,4.11
Sunderland,Bournemouth,0,1,3.34,3.59,2.20
West Brom,Leicester,0,1,2.76,3.22,2.76
Manchester City,Manchester Utd,0,0,1.94,3.50,4.42
Crystal Palace,Tottenham,0,1,5.77,4.42,1.58
Arsenal,Leicester,1,0,1.47,4.97,6.84
Middlesbrough,Sunderland,1,0,2.18,3.38,3.58
Chelsea,Southampton,4,2,1.46,4.63,7.41
Liverpool,Crystal Palace,1,2,1.51,4.43,7.07
Burnley,Manchester Utd,0,2,5.48,3.56,1.76
Bournemouth,Middlesbrough,4,0,1.88,3.72,4.31
Hull,Watford,2,0,1.90,3.63,4.38
Swansea,Stoke,2,0,2.33,3.48,3.18
West Ham,Everton,0,0,3.71,3.65,2.04
Middlesbrough,Arsenal,1,2,6.43,4.81,1.50
Manchester Utd,Chelsea,2,0,2.82,3.15,2.84
West Brom,Liverpool,0,1,4.61,3.71,1.85
Southampton,Manchester City,0,3,4.66,4.11,1.76
Crystal Palace,Leicester,2,2,2.04,3.50,3.96
Everton,Burnley,3,1,1.54,4.21,7.33
Stoke,Hull,3,1,1.98,3.52,4.24
Sunderland,West Ham,2,2,2.75,3.48,2.68
Watford,Swansea,1,0,2.70,3.20,2.92
Tottenham,Bournemouth,4,0,1.24,7.07,12.96
Crystal Palace,Arsenal,3,0,4.57,4.17,1.76
Everton,Leicester,4,2,1.78,3.92,4.91
Sunderland,Manchester Utd,0,3,9.00,5.13,1.39
Bournemouth,Chelsea,1,3,6.49,4.50,1.55
Manchester City,Hull,3,1,1.19,8.08,16.77
Middlesbrough,Burnley,0,0,2.57,3.16,3.16
Stoke,Liverpool,1,2,3.48,3.36,2.28
West Brom,Southampton,0,1,2.99,3.27,2.61
West Ham,Swansea,1,0,2.18,3.44,3.65
Tottenham,Watford,4,0,1.23,7.04,14.29
Chelsea,Manchester City,2,1,2.23,3.41,3.54
Liverpool,Bournemouth,2,2,1.45,4.84,8.10
Arsenal,West Ham,3,0,1.42,5.43,7.41
Hull,Middlesbrough,4,2,2.10,3.27,4.15
Southampton,Crystal Palace,3,1,1.90,3.55,4.70
Swansea,Tottenham,1,3,5.42,3.91,1.72
Manchester Utd,Everton,1,1,1.59,4.15,6.50
Burnley,Stoke,1,0,2.47,3.15,3.31
Leicester,Sunderland,2,0,1.53,4.43,7.04
Watford,West Brom,2,0,2.48,3.17,3.29
Arsenal,Manchester City,2,2,2.88,3.82,2.43
Swansea,Middlesbrough,0,0,1.91,3.47,4.80
Southampton,Bournemouth,0,0,1.67,4.12,5.47
Burnley,Tottenham,0,2,5.22,3.73,1.77
Chelsea,Crystal Palace,1,2,1.33,5.46,11.13
Hull,West Ham,2,1,2.40,3.37,3.21
Leicester,Stoke,2,0,1.93,3.53,4.43
Manchester Utd,West Brom,0,0,1.39,4.98,9.27
Watford,Sunderland,1,0,1.98,3.53,4.23
Liverpool,Everton,3,1,1.75,3.84,5.31
Manchester City,Liverpool,1,1,1.97,3.87,3.91
Tottenham,Southampton,2,1,1.72,3.94,5.44
Middlesbrough,Manchester Utd,1,3,5.93,3.88,1.68
Bournemouth,Swansea,2,0,2.18,3.53,3.57
Crystal Palace,Watford,1,0,1.92,3.47,4.67
Everton,Hull,4,0,1.60,4.13,6.55
Stoke,Chelsea,1,2,5.88,3.79,1.70
Sunderland,Burnley,0,0,2.66,3.18,3.01
West Ham,Leicester,2,3,2.39,3.42,3.19
West Brom,Arsenal,3,1,5.67,4.13,1.66
Liverpool,Burnley,2,1,1.28,6.02,12.46
Bournemouth,West Ham,3,2,2.59,3.49,2.86
Everton,West Brom,3,0,1.67,3.89,6.08
Hull,Swansea,2,1,2.50,3.32,3.11
Manchester City,Stoke,0,0,1.24,7.02,14.43
West Ham,Chelsea,1,2,6.12,4.33,1.62
Sunderland,Manchester City,0,2,10.66,6.49,1.29
Tottenham,Everton,3,2,1.61,4.33,5.94
Liverpool,Arsenal,3,1,2.04,3.67,3.87
Leicester,Hull,3,1,1.84,3.61,5.00
Stoke,Middlesbrough,2,0,1.99,3.28,4.64
Swansea,Burnley,3,2,2.00,3.37,4.37
Watford,Southampton,3,4,3.98,3.43,2.11
West Brom,Crystal Palace,0,2,2.27,3.28,3.58
Manchester Utd,Bournemouth,1,1,1.25,6.77,13.45
Leicester,Liverpool,3,1,5.61,4.08,1.68
Tottenham,Stoke,4,0,1.40,5.19,8.79
Watford,West Ham,1,1,2.81,3.28,2.85
Chelsea,Swansea,3,1,1.27,6.27,13.68
Crystal Palace,Middlesbrough,1,0,2.13,3.24,4.29
Everton,Sunderland,2,0,1.42,5.32,8.56
Hull,Burnley,1,1,2.21,3.29,3.95
West Brom,Bournemouth,2,1,2.13,3.38,4.01
Bournemouth,Manchester City,0,2,7.52,5.33,1.43
Swansea,Leicester,2,0,2.52,3.33,3.06
Burnley,Chelsea,1,1,8.11,4.48,1.48
Liverpool,Tottenham,2,0,2.24,3.46,3.50
Manchester Utd,Watford,2,0,1.26,6.52,13.62
Middlesbrough,Everton,0,0,3.87,3.31,2.16
Stoke,Crystal Palace,1,0,2.23,3.28,3.72
Sunderland,Southampton,0,4,3.88,3.58,2.06
West Ham,West Brom,2,2,2.30,3.30,3.52
Arsenal,Hull,2,0,1.31,6.00,10.56
Leicester,Manchester Utd,0,3,5.23,3.88,1.75
Manchester City,Swansea,2,1,1.23,7.51,13.45
Tottenham,Middlesbrough,1,0,1.29,6.09,11.79
Crystal Palace,Sunderland,0,4,1.72,3.86,5.51
Everton,Bournemouth,6,3,1.72,4.00,5.29
Hull,Liverpool,2,0,6.73,4.45,1.54
Southampton,West Ham,1,3,1.79,3.85,4.88
Watford,Burnley,2,1,2.14,3.22,4.02
West Brom,Stoke,1,0,2.43,3.21,3.34
Chelsea,Arsenal,3,1,2.05,3.38,4.17
Manchester Utd,Hull,0,0,1.20,7.37,15.94
Stoke,Everton,1,1,3.09,3.36,2.50
West Ham,Manchester City,0,4,5.71,4.54,1.60
Liverpool,Chelsea,1,1,2.60,3.24,3.03
Arsenal,Watford,1,2,1.23,7.14,13.95
Bournemouth,Crystal Palace,0,2,2.14,3.43,3.80
Burnley,Leicester,1,0,2.95,3.23,2.68
Middlesbrough,West Brom,1,1,2.75,3.01,3.05
Sunderland,Tottenham,0,0,8.47,5.74,1.37
Swansea,Southampton,2,1,3.21,3.40,2.39
Chelsea,Hull,2,0,1.19,8.13,17.77
Arsenal,Burnley,2,1,1.22,7.24,15.44
Southampton,Leicester,3,0,1.82,3.59,5.17
Manchester City,Tottenham,2,2,2.14,3.58,3.64
Bournemouth,Watford,2,2,1.91,3.65,4.46
Crystal Palace,Everton,0,1,3.11,3.35,2.49
Middlesbrough,West Ham,1,3,2.56,3.15,3.18
Stoke,Manchester Utd,1,1,5.90,4.14,1.64
West Brom,Sunderland,2,0,1.70,3.90,5.69
Liverpool,Swansea,2,3,1.25,6.81,12.96
Manchester Utd,Liverpool,1,1,2.00,3.45,4.28
Everton,Manchester City,4,0,4.71,3.86,1.82
Leicester,Chelsea,0,3,4.98,3.64,1.83
Burnley,Southampton,1,0,4.41,3.43,1.98
Hull,Bournemouth,3,1,3.05,3.45,2.47
Sunderland,Stoke,1,3,3.35,3.48,2.29
Swansea,Arsenal,0,4,6.87,4.85,1.49
Watford,Middlesbrough,0,0,2.41,3.15,3.46
West Ham,Crystal Palace,3,0,2.42,3.31,3.25
Tottenham,West Brom,4,0,1.36,5.26,10.69
Tottenham,Chelsea,2,0,2.72,3.16,2.97
Crystal Palace,Swansea,1,2,1.88,3.71,4.49
Stoke,Watford,2,0,1.84,3.60,5.00
Bournemouth,Arsenal,3,3,5.25,4.22,1.68
West Ham,Manchester Utd,0,2,6.32,4.49,1.56
Everton,Southampton,3,0,2.44,3.25,3.28
Manchester City,Burnley,2,1,1.20,7.60,17.27
Sunderland,Liverpool,2,2,10.41,6.00,1.32
West Brom,Hull,3,1,1.98,3.30,4.65
Middlesbrough,Leicester,0,0,2.73,3.11,2.98
Arsenal,Crystal Palace,2,0,1.38,5.60,8.59
Watford,Tottenham,1,4,6.23,4.29,1.59
Liverpool,Manchester City,1,0,2.49,3.52,2.98
Burnley,Sunderland,4,1,2.35,3.40,3.32
Chelsea,Stoke,4,2,1.25,6.62,14.12
Leicester,West Ham,1,0,2.15,3.50,3.69
Manchester Utd,Middlesbrough,2,1,1.26,6.31,13.95
Southampton,West Brom,1,2,1.70,3.72,6.08
Swansea,Bournemouth,0,3,2.63,3.38,2.89
Hull,Everton,2,2,3.97,3.43,2.09
Southampton,Tottenham,1,4,3.03,3.21,2.62
Liverpool,Stoke,4,1,1.32,5.82,10.47
Hull,Manchester City,0,3,9.30,5.32,1.37
Arsenal,West Brom,1,0,1.35,5.48,10.44
Burnley,Middlesbrough,1,0,2.95,3.11,2.77
Chelsea,Bournemouth,3,0,1.37,5.22,9.74
Leicester,Everton,0,2,2.63,3.37,2.92
Manchester Utd,Sunderland,3,1,1.21,7.49,16.44
Swansea,West Ham,1,4,2.42,3.50,3.10
Watford,Crystal Palace,1,1,2.50,3.27,3.17
Everton,Liverpool,0,1,3.98,3.45,2.08
Manchester City,Arsenal,2,1,2.27,3.58,3.32
Tottenham,Burnley,2,1,1.22,7.17,15.28
Bournemouth,Southampton,1,3,2.96,3.26,2.66
West Brom,Manchester Utd,0,2,5.89,3.83,1.70
Middlesbrough,Swansea,3,0,2.12,3.33,3.98
Stoke,Leicester,2,2,2.77,3.28,2.81
Sunderland,Watford,1,0,2.64,3.28,2.95
West Ham,Hull,1,0,1.74,3.87,5.34
Crystal Palace,Chelsea,0,1,6.71,4.42,1.55
Crystal Palace,Manchester Utd,1,2,5.56,3.90,1.71
Manchester City,Watford,2,0,1.28,6.58,11.46
Stoke,Southampton,0,0,3.28,3.26,2.45
Tottenham,Hull,3,0,1.24,6.95,14.28
West Brom,Swansea,3,1,2.06,3.41,4.09
Middlesbrough,Liverpool,0,3,5.44,3.95,1.71
Sunderland,Chelsea,0,1,7.51,4.68,1.49
West Ham,Burnley,1,0,1.70,3.98,5.54
Bournemouth,Leicester,1,0,2.30,3.46,3.36
Everton,Arsenal,2,1,4.18,3.85,1.91
Liverpool,West Ham,2,2,1.30,6.42,10.62
Manchester Utd,Tottenham,1,0,2.17,3.41,3.72
Southampton,Middlesbrough,1,0,1.63,3.77,7.03
Chelsea,West Brom,1,0,1.27,6.36,12.79
Leicester,Manchester City,4,2,4.95,4.15,1.73
Arsenal,Stoke,3,1,1.32,6.13,10.24
Burnley,Bournemouth,3,2,3.36,3.22,2.42
Hull,Crystal Palace,3,3,3.28,3.28,2.41
Swansea,Sunderland,3,0,2.14,3.56,3.67
Watford,Everton,3,2,3.29,3.32,2.40
Middlesbrough,Hull,1,0,1.93,3.40,4.79
Everton,Manchester Utd,1,1,4.25,3.59,1.97
Bournemouth,Liverpool,4,3,5.01,4.05,1.74
West Ham,Arsenal,1,5,5.59,4.33,1.63
Crystal Palace,Southampton,3,0,3.77,3.42,2.15
Stoke,Burnley,2,0,1.63,3.98,6.37
Sunderland,Leicester,2,1,3.45,3.44,2.27
Tottenham,Swansea,5,0,1.36,5.60,9.22
West Brom,Watford,3,1,2.13,3.33,3.96
Manchester City,Chelsea,1,3,2.17,3.49,3.63
Manchester Utd,West Ham,1,1,1.37,5.57,9.11
Southampton,Everton,1,0,2.16,3.40,3.78
Arsenal,Bournemouth,3,1,1.37,5.47,9.30
Watford,Stoke,0,1,2.32,3.34,3.41
Chelsea,Tottenham,2,1,1.71,3.95,5.47
Hull,West Brom,1,1,2.87,3.14,2.82
Leicester,Middlesbrough,2,2,1.91,3.49,4.73
Liverpool,Sunderland,2,0,1.17,8.80,17.28
Swansea,Crystal Palace,5,4,2.67,3.31,2.90
Burnley,Manchester City,1,2,12.79,6.85,1.25
West Brom,Burnley,4,0,1.93,3.38,4.84
Middlesbrough,Chelsea,0,1,7.27,4.53,1.51
Tottenham,West Ham,3,2,1.56,4.44,6.48
Crystal Palace,Manchester City,1,2,6.81,4.98,1.48
Everton,Swansea,1,1,1.58,4.42,6.11
Southampton,Liverpool,0,0,3.20,3.48,2.37
Stoke,Bournemouth,0,1,2.18,3.48,3.65
Sunderland,Hull,3,0,2.26,3.35,3.57
Watford,Leicester,2,1,2.99,3.33,2.56
Manchester Utd,Arsenal,1,1,2.48,3.30,3.18
Leicester,West Brom,1,2,1.74,3.69,5.73
Swansea,Manchester Utd,1,3,5.39,4.04,1.70
Hull,Southampton,2,1,5.68,3.82,1.70
Liverpool,Watford,6,1,1.27,6.24,12.29
Arsenal,Tottenham,1,1,1.96,3.66,4.24
Chelsea,Everton,5,0,1.50,4.63,7.26
Bournemouth,Sunderland,1,2,1.62,4.33,5.77
Burnley,Crystal Palace,3,2,3.54,3.23,2.33
Manchester City,Middlesbrough,1,1,1.21,7.40,16.44
West Ham,Stoke,1,1,2.03,3.54,4.00
Stoke,Swansea,3,1,2.06,3.55,3.85
Southampton,Chelsea,0,2,3.18,3.38,2.41
Everton,West Ham,2,0,1.86,3.81,4.39
Crystal Palace,Liverpool,2,4,4.88,3.98,1.76
Manchester Utd,Burnley,0,0,1.25,6.29,15.00
Middlesbrough,Bournemouth,2,0,2.53,3.14,3.21
Tottenham,Leicester,1,1,1.64,4.13,5.84
Watford,Hull,1,0,1.73,3.75,5.54
West Brom,Manchester City,0,4,7.47,4.64,1.48
Sunderland,Arsenal,1,4,8.02,4.84,1.44
Chelsea,Manchester Utd,4,0,2.23,3.30,3.66
Manchester City,Southampton,1,1,1.48,4.58,7.74
Liverpool,West Brom,2,1,1.30,5.83,11.25
Arsenal,Middlesbrough,0,0,1.28,6.13,12.50
Burnley,Everton,2,1,5.82,3.74,1.71
Hull,Stoke,0,2,3.10,3.31,2.50
Leicester,Crystal Palace,3,1,2.01,3.42,4.25
Swansea,Watford,0,0,2.45,3.35,3.14
West Ham,Sunderland,1,0,1.67,4.05,5.49
Bournemouth,Tottenham,0,0,4.26,3.68,1.92
Liverpool,Manchester Utd,0,0,2.24,3.41,3.48
Southampton,Burnley,3,1,1.38,5.06,9.75
Middlesbrough,Watford,0,1,2.31,3.27,3.48
Crystal Palace,West Ham,0,1,2.22,3.46,3.49
Arsenal,Swansea,3,2,1.23,7.02,13.50
Bournemouth,Hull,6,1,1.79,3.76,5.01
Manchester City,Everton,1,1,1.51,4.74,6.69
Stoke,Sunderland,2,0,1.92,3.56,4.44
West Brom,Tottenham,1,1,5.46,3.83,1.72
Chelsea,Leicester,3,0,1.56,4.42,6.40
Burnley,Arsenal,0,1,9.57,5.47,1.35
Leicester,Southampton,0,0,2.52,3.31,3.05
Tottenham,Manchester City,2,0,3.07,3.43,2.45
Manchester Utd,Stoke,1,1,1.31,5.80,10.73
Hull,Chelsea,0,2,7.70,5.00,1.46
Sunderland,West Brom,1,1,2.58,3.20,3.19
Watford,Bournemouth,2,2,2.50,3.34,3.19
West Ham,Middlesbrough,1,1,2.08,3.50,4.06
Swansea,Liverpool,1,2,7.80,5.10,1.46
Everton,Crystal Palace,1,1,1.72,4.00,5.55
Burnley,Watford,2,0,-,-,-
West Ham,Southampton,0,3,2.86,3.56,2.62
Arsenal,Chelsea,3,0,2.48,3.46,3.14
Bournemouth,Everton,1,0,3.54,3.50,2.25
Liverpool,Hull,5,1,1.28,6.70,13.00
Middlesbrough,Tottenham,1,2,4.10,3.50,2.08
Stoke,West Brom,1,1,2.33,3.34,3.52
Sunderland,Crystal Palace,2,3,2.65,3.30,3.02
Swansea,Manchester City,1,3,9.50,5.80,1.36
Manchester Utd,Leicester,4,1,1.69,4.00,5.90
